<?xml version="1.0" encoding="UTF-8"?>
<metadata xml:lang="en"><Esri><CreaDate>20171126</CreaDate><CreaTime>09162100</CreaTime><ArcGISFormat>1.0</ArcGISFormat><SyncOnce>FALSE</SyncOnce><DataProperties><itemProps><itemName Sync="TRUE">tanga_wards_population_2012_</itemName><imsContentType Sync="TRUE">002</imsContentType><itemLocation><linkage Sync="TRUE">file://\\OLIPASIMON\C$\Users\User\Documents\ArcGIS\Default1.gdb</linkage><protocol Sync="TRUE">Local Area Network</protocol></itemLocation></itemProps><coordRef><type Sync="TRUE">Geographic</type><geogcsn Sync="TRUE">GCS_Arc_1960</geogcsn><peXml Sync="TRUE">&lt;GeographicCoordinateSystem xsi:type='typens:GeographicCoordinateSystem' xmlns:xsi='http://www.w3.org/2001/XMLSchema-instance' xmlns:xs='http://www.w3.org/2001/XMLSchema' xmlns:typens='http://www.esri.com/schemas/ArcGIS/10.0'&gt;&lt;WKT&gt;GEOGCS[&amp;quot;GCS_Arc_1960&amp;quot;,DATUM[&amp;quot;D_Arc_1960&amp;quot;,SPHEROID[&amp;quot;Clarke_1880_RGS&amp;quot;,6378249.145,293.465]],PRIMEM[&amp;quot;Greenwich&amp;quot;,0.0],UNIT[&amp;quot;Degree&amp;quot;,0.0174532925199433],AUTHORITY[&amp;quot;EPSG&amp;quot;,4210]]&lt;/WKT&gt;&lt;XOrigin&gt;-399.99999999999989&lt;/XOrigin&gt;&lt;YOrigin&gt;-399.99999999999989&lt;/YOrigin&gt;&lt;XYScale&gt;1111948722.2222221&lt;/XYScale&gt;&lt;ZOrigin&gt;-100000&lt;/ZOrigin&gt;&lt;ZScale&gt;10000&lt;/ZScale&gt;&lt;MOrigin&gt;-100000&lt;/MOrigin&gt;&lt;MScale&gt;10000&lt;/MScale&gt;&lt;XYTolerance&gt;8.9829948957069642e-009&lt;/XYTolerance&gt;&lt;ZTolerance&gt;0.001&lt;/ZTolerance&gt;&lt;MTolerance&gt;0.001&lt;/MTolerance&gt;&lt;HighPrecision&gt;true&lt;/HighPrecision&gt;&lt;LeftLongitude&gt;-180&lt;/LeftLongitude&gt;&lt;WKID&gt;4210&lt;/WKID&gt;&lt;/GeographicCoordinateSystem&gt;</peXml></coordRef><lineage><Process ToolSource="C:\Program Files (x86)\ArcGIS\Desktop10.0\ArcToolbox\Toolboxes\Data Management Tools.tbx\Merge" Date="20151015" Time="145201">Merge tanga_wards_population_2012;tabora_wards_population_2012;singida_wards_population_2012;simiyu_wards_population_2012;shinyanga_wards_population_2012;ruvuma_wards_population_2012;rukwa_wards_population_2012;pwani_wards_population_2012;njombe_wards_population_2012;mwanza_wards_population_2012;mtwara_wards_population_2012;morogoro_population_wards_2012;mbeya_ward_population_2012;mara_wards_population_2012;manyawa_wards_population_2012;lindi_wards_2012_population;kilimanjaro_population_2012;kigoma_wards_population_2012;katavi_wards_population_2012;kagera_wards_population_2012;iringa_wards_population_2012;geita_wards_population_2012;dodoma_population_wards;dar_es_salaam_wards_population_2012;arusha_population_2012;geita_wards_population_2012 C:\Users\User\Documents\ArcGIS\Default1.gdb\tanga_wards_population_2012_ "Region_Cod "Region_Cod" true true false 50 Text 0 0 ,First,#,tanga_wards_population_2012,Region_Cod,-1,-1,tabora_wards_population_2012,Region_Cod,-1,-1,singida_wards_population_2012,Region_Cod,-1,-1,simiyu_wards_population_2012,Region_Cod,-1,-1,shinyanga_wards_population_2012,Region_Cod,-1,-1,ruvuma_wards_population_2012,Region_Cod,-1,-1,rukwa_wards_population_2012,Region_Cod,-1,-1,pwani_wards_population_2012,Region_Cod,-1,-1,njombe_wards_population_2012,Region_Cod,-1,-1,mwanza_wards_population_2012,Region_Cod,-1,-1,mtwara_wards_population_2012,Region_Cod,-1,-1,morogoro_population_wards_2012,Region_Cod,-1,-1,mbeya_ward_population_2012,Region_Cod,-1,-1,mara_wards_population_2012,Region_Cod,-1,-1,manyawa_wards_population_2012,Region_Cod,-1,-1,lindi_wards_2012_population,Region_Cod,-1,-1,kilimanjaro_population_2012,Region_Cod,-1,-1,kigoma_wards_population_2012,Region_Cod,-1,-1,katavi_wards_population_2012,Region_Cod,-1,-1,kagera_wards_population_2012,Region_Cod,-1,-1,iringa_wards_population_2012,Region_Cod,-1,-1,geita_wards_population_2012,Region_Cod,-1,-1,dodoma_population_wards,Region_Cod,-1,-1,dar_es_salaam_wards_population_2012,Region_Cod,-1,-1,arusha_population_2012,Region_Cod,-1,-1,geita_wards_population_2012,Region_Cod,-1,-1;Region_Nam "Region_Nam" true true false 50 Text 0 0 ,First,#,tanga_wards_population_2012,Region_Nam,-1,-1,tabora_wards_population_2012,Region_Nam,-1,-1,singida_wards_population_2012,Region_Nam,-1,-1,simiyu_wards_population_2012,Region_Nam,-1,-1,shinyanga_wards_population_2012,Region_Nam,-1,-1,ruvuma_wards_population_2012,Region_Nam,-1,-1,rukwa_wards_population_2012,Region_Nam,-1,-1,pwani_wards_population_2012,Region_Nam,-1,-1,njombe_wards_population_2012,Region_Nam,-1,-1,mwanza_wards_population_2012,Region_Nam,-1,-1,mtwara_wards_population_2012,Region_Nam,-1,-1,morogoro_population_wards_2012,Region_Nam,-1,-1,mbeya_ward_population_2012,Region_Nam,-1,-1,mara_wards_population_2012,Region_Nam,-1,-1,manyawa_wards_population_2012,Region_Nam,-1,-1,lindi_wards_2012_population,Region_Nam,-1,-1,kilimanjaro_population_2012,Region_Nam,-1,-1,kigoma_wards_population_2012,Region_Nam,-1,-1,katavi_wards_population_2012,Region_Nam,-1,-1,kagera_wards_population_2012,Region_Nam,-1,-1,iringa_wards_population_2012,Region_Nam,-1,-1,geita_wards_population_2012,Region_Nam,-1,-1,dodoma_population_wards,Region_Nam,-1,-1,dar_es_salaam_wards_population_2012,Region_Nam,-1,-1,arusha_population_2012,Region_Nam,-1,-1,geita_wards_population_2012,Region_Nam,-1,-1;District_C "District_C" true true false 50 Text 0 0 ,First,#,tanga_wards_population_2012,District_C,-1,-1,tabora_wards_population_2012,District_C,-1,-1,singida_wards_population_2012,District_C,-1,-1,simiyu_wards_population_2012,District_C,-1,-1,shinyanga_wards_population_2012,District_C,-1,-1,ruvuma_wards_population_2012,District_C,-1,-1,rukwa_wards_population_2012,District_C,-1,-1,pwani_wards_population_2012,District_C,-1,-1,njombe_wards_population_2012,District_C,-1,-1,mwanza_wards_population_2012,District_C,-1,-1,mtwara_wards_population_2012,District_C,-1,-1,morogoro_population_wards_2012,District_C,-1,-1,mbeya_ward_population_2012,District_C,-1,-1,mara_wards_population_2012,District_C,-1,-1,manyawa_wards_population_2012,District_C,-1,-1,lindi_wards_2012_population,District_C,-1,-1,kilimanjaro_population_2012,District_C,-1,-1,kigoma_wards_population_2012,District_C,-1,-1,katavi_wards_population_2012,District_C,-1,-1,kagera_wards_population_2012,District_C,-1,-1,iringa_wards_population_2012,District_C,-1,-1,geita_wards_population_2012,District_C,-1,-1,dodoma_population_wards,District_C,-1,-1,dar_es_salaam_wards_population_2012,District_C,-1,-1,arusha_population_2012,District_C,-1,-1,geita_wards_population_2012,District_C,-1,-1;District_N "District_N" true true false 50 Text 0 0 ,First,#,tanga_wards_population_2012,District_N,-1,-1,tabora_wards_population_2012,District_N,-1,-1,singida_wards_population_2012,District_N,-1,-1,simiyu_wards_population_2012,District_N,-1,-1,shinyanga_wards_population_2012,District_N,-1,-1,ruvuma_wards_population_2012,District_N,-1,-1,rukwa_wards_population_2012,District_N,-1,-1,pwani_wards_population_2012,District_N,-1,-1,njombe_wards_population_2012,District_N,-1,-1,mwanza_wards_population_2012,District_N,-1,-1,mtwara_wards_population_2012,District_N,-1,-1,morogoro_population_wards_2012,District_N,-1,-1,mbeya_ward_population_2012,District_N,-1,-1,mara_wards_population_2012,District_N,-1,-1,manyawa_wards_population_2012,District_N,-1,-1,lindi_wards_2012_population,District_N,-1,-1,kilimanjaro_population_2012,District_N,-1,-1,kigoma_wards_population_2012,District_N,-1,-1,katavi_wards_population_2012,District_N,-1,-1,kagera_wards_population_2012,District_N,-1,-1,iringa_wards_population_2012,District_N,-1,-1,geita_wards_population_2012,District_N,-1,-1,dodoma_population_wards,District_N,-1,-1,dar_es_salaam_wards_population_2012,District_N,-1,-1,arusha_population_2012,District_N,-1,-1,geita_wards_population_2012,District_N,-1,-1;Ward_Code "Ward_Code" true true false 50 Text 0 0 ,First,#,tanga_wards_population_2012,Ward_Code,-1,-1,tabora_wards_population_2012,Ward_Code,-1,-1,singida_wards_population_2012,Ward_Code,-1,-1,simiyu_wards_population_2012,Ward_Code,-1,-1,shinyanga_wards_population_2012,Ward_Code,-1,-1,ruvuma_wards_population_2012,Ward_Code,-1,-1,rukwa_wards_population_2012,Ward_Code,-1,-1,pwani_wards_population_2012,Ward_Code,-1,-1,njombe_wards_population_2012,Ward_Code,-1,-1,mwanza_wards_population_2012,Ward_Code,-1,-1,mtwara_wards_population_2012,Ward_Code,-1,-1,morogoro_population_wards_2012,Ward_Code,-1,-1,mbeya_ward_population_2012,Ward_Code,-1,-1,mara_wards_population_2012,Ward_Code,-1,-1,manyawa_wards_population_2012,Ward_Code,-1,-1,lindi_wards_2012_population,Ward_Code,-1,-1,kilimanjaro_population_2012,Ward_Code,-1,-1,kigoma_wards_population_2012,Ward_Code,-1,-1,katavi_wards_population_2012,Ward_Code,-1,-1,kagera_wards_population_2012,Ward_Code,-1,-1,iringa_wards_population_2012,Ward_Code,-1,-1,geita_wards_population_2012,Ward_Code,-1,-1,dodoma_population_wards,Ward_Code,-1,-1,dar_es_salaam_wards_population_2012,Ward_Code,-1,-1,arusha_population_2012,Ward_Code,-1,-1,geita_wards_population_2012,Ward_Code,-1,-1;Ward_Name "Ward_Name" true true false 50 Text 0 0 ,First,#,tanga_wards_population_2012,Ward_Name,-1,-1,tabora_wards_population_2012,Ward_Name,-1,-1,singida_wards_population_2012,Ward_Name,-1,-1,simiyu_wards_population_2012,Ward_Name,-1,-1,shinyanga_wards_population_2012,Ward_Name,-1,-1,ruvuma_wards_population_2012,Ward_Name,-1,-1,rukwa_wards_population_2012,Ward_Name,-1,-1,pwani_wards_population_2012,Ward_Name,-1,-1,njombe_wards_population_2012,Ward_Name,-1,-1,mwanza_wards_population_2012,Ward_Name,-1,-1,mtwara_wards_population_2012,Ward_Name,-1,-1,morogoro_population_wards_2012,Ward_Name,-1,-1,mbeya_ward_population_2012,Ward_Name,-1,-1,mara_wards_population_2012,Ward_Name,-1,-1,manyawa_wards_population_2012,Ward_Name,-1,-1,lindi_wards_2012_population,Ward_Name,-1,-1,kilimanjaro_population_2012,Ward_Name,-1,-1,kigoma_wards_population_2012,Ward_Name,-1,-1,katavi_wards_population_2012,Ward_Name,-1,-1,kagera_wards_population_2012,Ward_Name,-1,-1,iringa_wards_population_2012,Ward_Name,-1,-1,geita_wards_population_2012,Ward_Name,-1,-1,dodoma_population_wards,Ward_Name,-1,-1,dar_es_salaam_wards_population_2012,Ward_Name,-1,-1,arusha_population_2012,Ward_Name,-1,-1,geita_wards_population_2012,Ward_Name,-1,-1;Division "Division" true true false 50 Text 0 0 ,First,#,tanga_wards_population_2012,Division,-1,-1,tabora_wards_population_2012,Division,-1,-1,singida_wards_population_2012,Division,-1,-1,simiyu_wards_population_2012,Division,-1,-1,shinyanga_wards_population_2012,Division,-1,-1,ruvuma_wards_population_2012,Division,-1,-1,rukwa_wards_population_2012,Division,-1,-1,pwani_wards_population_2012,Division,-1,-1,njombe_wards_population_2012,Division,-1,-1,mwanza_wards_population_2012,Division,-1,-1,mtwara_wards_population_2012,Division,-1,-1,morogoro_population_wards_2012,Division,-1,-1,mbeya_ward_population_2012,Division,-1,-1,mara_wards_population_2012,Division,-1,-1,manyawa_wards_population_2012,Division,-1,-1,lindi_wards_2012_population,Division,-1,-1,kilimanjaro_population_2012,Division,-1,-1,kigoma_wards_population_2012,Division,-1,-1,katavi_wards_population_2012,Division,-1,-1,kagera_wards_population_2012,Division,-1,-1,iringa_wards_population_2012,Division,-1,-1,geita_wards_population_2012,Division,-1,-1,dodoma_population_wards,Division,-1,-1,dar_es_salaam_wards_population_2012,Division,-1,-1,arusha_population_2012,Division,-1,-1,geita_wards_population_2012,Division,-1,-1;SHAPE_Leng "SHAPE_Leng" true true false 19 Double 0 0 ,First,#,tanga_wards_population_2012,SHAPE_Leng,-1,-1,tabora_wards_population_2012,SHAPE_Leng,-1,-1,singida_wards_population_2012,SHAPE_Leng,-1,-1,simiyu_wards_population_2012,SHAPE_Leng,-1,-1,shinyanga_wards_population_2012,SHAPE_Leng,-1,-1,ruvuma_wards_population_2012,SHAPE_Leng,-1,-1,rukwa_wards_population_2012,SHAPE_Leng,-1,-1,pwani_wards_population_2012,SHAPE_Leng,-1,-1,njombe_wards_population_2012,SHAPE_Leng,-1,-1,mwanza_wards_population_2012,SHAPE_Leng,-1,-1,mtwara_wards_population_2012,SHAPE_Leng,-1,-1,morogoro_population_wards_2012,SHAPE_Leng,-1,-1,mbeya_ward_population_2012,SHAPE_Leng,-1,-1,mara_wards_population_2012,SHAPE_Leng,-1,-1,manyawa_wards_population_2012,SHAPE_Leng,-1,-1,lindi_wards_2012_population,SHAPE_Leng,-1,-1,kilimanjaro_population_2012,SHAPE_Leng,-1,-1,kigoma_wards_population_2012,SHAPE_Leng,-1,-1,katavi_wards_population_2012,SHAPE_Leng,-1,-1,kagera_wards_population_2012,SHAPE_Leng,-1,-1,iringa_wards_population_2012,SHAPE_Leng,-1,-1,geita_wards_population_2012,SHAPE_Leng,-1,-1,dodoma_population_wards,SHAPE_Leng,-1,-1,dar_es_salaam_wards_population_2012,SHAPE_Leng,-1,-1,arusha_population_2012,SHAPE_Leng,-1,-1,geita_wards_population_2012,SHAPE_Leng,-1,-1;SHAPE_Area "SHAPE_Area" true true false 19 Double 0 0 ,First,#,tanga_wards_population_2012,SHAPE_Area,-1,-1,tabora_wards_population_2012,SHAPE_Area,-1,-1,singida_wards_population_2012,SHAPE_Area,-1,-1,simiyu_wards_population_2012,SHAPE_Area,-1,-1,shinyanga_wards_population_2012,SHAPE_Area,-1,-1,ruvuma_wards_population_2012,SHAPE_Area,-1,-1,rukwa_wards_population_2012,SHAPE_Area,-1,-1,pwani_wards_population_2012,SHAPE_Area,-1,-1,njombe_wards_population_2012,SHAPE_Area,-1,-1,mwanza_wards_population_2012,SHAPE_Area,-1,-1,mtwara_wards_population_2012,SHAPE_Area,-1,-1,morogoro_population_wards_2012,SHAPE_Area,-1,-1,mbeya_ward_population_2012,SHAPE_Area,-1,-1,mara_wards_population_2012,SHAPE_Area,-1,-1,manyawa_wards_population_2012,SHAPE_Area,-1,-1,lindi_wards_2012_population,SHAPE_Area,-1,-1,kilimanjaro_population_2012,Shape_Area,-1,-1,kigoma_wards_population_2012,SHAPE_Area,-1,-1,katavi_wards_population_2012,SHAPE_Area,-1,-1,kagera_wards_population_2012,SHAPE_Area,-1,-1,iringa_wards_population_2012,SHAPE_Area,-1,-1,geita_wards_population_2012,SHAPE_Area,-1,-1,dodoma_population_wards,Shape_Area,-1,-1,dar_es_salaam_wards_population_2012,SHAPE_Area,-1,-1,arusha_population_2012,SHAPE_Area,-1,-1,geita_wards_population_2012,SHAPE_Area,-1,-1;Ward "Ward" true true false 254 Text 0 0 ,First,#,tanga_wards_population_2012,Ward,-1,-1,tabora_wards_population_2012,Ward,-1,-1,singida_wards_population_2012,Ward,-1,-1,simiyu_wards_population_2012,Ward,-1,-1,shinyanga_wards_population_2012,Ward,-1,-1,ruvuma_wards_population_2012,Ward,-1,-1,rukwa_wards_population_2012,Ward,-1,-1,pwani_wards_population_2012,Ward,-1,-1,njombe_wards_population_2012,Ward,-1,-1,mwanza_wards_population_2012,Ward,-1,-1,mtwara_wards_population_2012,Ward,-1,-1,morogoro_population_wards_2012,Ward,-1,-1,mbeya_ward_population_2012,Ward,-1,-1,mara_wards_population_2012,Ward,-1,-1,manyawa_wards_population_2012,Ward,-1,-1,lindi_wards_2012_population,Ward,-1,-1,kilimanjaro_population_2012,Ward,-1,-1,kigoma_wards_population_2012,Ward,-1,-1,katavi_wards_population_2012,Ward,-1,-1,kagera_wards_population_2012,Ward,-1,-1,iringa_wards_population_2012,Ward,-1,-1,geita_wards_population_2012,Ward,-1,-1,dodoma_population_wards,Ward,-1,-1,dar_es_salaam_wards_population_2012,Ward,-1,-1,arusha_population_2012,Ward,-1,-1,geita_wards_population_2012,Ward,-1,-1;Both_Sexes "Both_Sexes" true true false 16 Double 6 15 ,First,#,tanga_wards_population_2012,Both_Sexes,-1,-1,tabora_wards_population_2012,Both_Sexes,-1,-1,singida_wards_population_2012,Both_Sexes,-1,-1,simiyu_wards_population_2012,Both_Sexes,-1,-1,shinyanga_wards_population_2012,Both_Sexes,-1,-1,ruvuma_wards_population_2012,Both_Sexes,-1,-1,rukwa_wards_population_2012,Both_Sexes,-1,-1,pwani_wards_population_2012,Both_Sexes,-1,-1,njombe_wards_population_2012,Both_Sexes,-1,-1,mwanza_wards_population_2012,Both_Sexes,-1,-1,mtwara_wards_population_2012,Both_Sexes,-1,-1,morogoro_population_wards_2012,Both_Sexes,-1,-1,mbeya_ward_population_2012,Both_Sexes,-1,-1,mara_wards_population_2012,Both_Sexes,-1,-1,manyawa_wards_population_2012,Both_Sexes,-1,-1,lindi_wards_2012_population,Both_Sexes,-1,-1,kilimanjaro_population_2012,Both_Sexes,-1,-1,kigoma_wards_population_2012,Both_Sexes,-1,-1,katavi_wards_population_2012,Both_Sexes,-1,-1,kagera_wards_population_2012,Both_Sexes,-1,-1,iringa_wards_population_2012,Both_Sexes,-1,-1,geita_wards_population_2012,Both_Sexes,-1,-1,dodoma_population_wards,Both_Sexes,-1,-1,dar_es_salaam_wards_population_2012,Both_Sexes,-1,-1,arusha_population_2012,Both_Sexes,-1,-1,geita_wards_population_2012,Both_Sexes,-1,-1;Male "Male" true true false 16 Double 6 15 ,First,#,tanga_wards_population_2012,Male,-1,-1,tabora_wards_population_2012,Male,-1,-1,singida_wards_population_2012,Male,-1,-1,simiyu_wards_population_2012,Male,-1,-1,shinyanga_wards_population_2012,Male,-1,-1,ruvuma_wards_population_2012,Male,-1,-1,rukwa_wards_population_2012,Male,-1,-1,pwani_wards_population_2012,Male,-1,-1,njombe_wards_population_2012,Male,-1,-1,mwanza_wards_population_2012,Male,-1,-1,mtwara_wards_population_2012,Male,-1,-1,morogoro_population_wards_2012,Male,-1,-1,mbeya_ward_population_2012,Male,-1,-1,mara_wards_population_2012,Male,-1,-1,manyawa_wards_population_2012,Male,-1,-1,lindi_wards_2012_population,Male,-1,-1,kilimanjaro_population_2012,Male,-1,-1,kigoma_wards_population_2012,Male,-1,-1,katavi_wards_population_2012,Male,-1,-1,kagera_wards_population_2012,Male,-1,-1,iringa_wards_population_2012,Male,-1,-1,geita_wards_population_2012,Male,-1,-1,dodoma_population_wards,Male,-1,-1,dar_es_salaam_wards_population_2012,Male,-1,-1,arusha_population_2012,Male,-1,-1,geita_wards_population_2012,Male,-1,-1;Female "Female" true true false 16 Double 6 15 ,First,#,tanga_wards_population_2012,Female,-1,-1,tabora_wards_population_2012,Female,-1,-1,singida_wards_population_2012,Female,-1,-1,simiyu_wards_population_2012,Female,-1,-1,shinyanga_wards_population_2012,Female,-1,-1,ruvuma_wards_population_2012,Female,-1,-1,rukwa_wards_population_2012,Female,-1,-1,pwani_wards_population_2012,Female,-1,-1,njombe_wards_population_2012,Female,-1,-1,mwanza_wards_population_2012,Female,-1,-1,mtwara_wards_population_2012,Female,-1,-1,morogoro_population_wards_2012,Female,-1,-1,mbeya_ward_population_2012,Female,-1,-1,mara_wards_population_2012,Female,-1,-1,manyawa_wards_population_2012,Female,-1,-1,lindi_wards_2012_population,Female,-1,-1,kilimanjaro_population_2012,Female,-1,-1,kigoma_wards_population_2012,Female,-1,-1,katavi_wards_population_2012,Female,-1,-1,kagera_wards_population_2012,Female,-1,-1,iringa_wards_population_2012,Female,-1,-1,geita_wards_population_2012,Female,-1,-1,dodoma_population_wards,Female,-1,-1,dar_es_salaam_wards_population_2012,Female,-1,-1,arusha_population_2012,Female,-1,-1,geita_wards_population_2012,Female,-1,-1;Number_of "Number_of" true true false 16 Double 6 15 ,First,#,tanga_wards_population_2012,Number_of,-1,-1,tabora_wards_population_2012,Number_of,-1,-1,singida_wards_population_2012,Number_of,-1,-1,simiyu_wards_population_2012,Number_of,-1,-1,shinyanga_wards_population_2012,Number_of,-1,-1,ruvuma_wards_population_2012,Number_of,-1,-1,rukwa_wards_population_2012,Number_of,-1,-1,pwani_wards_population_2012,Number_of,-1,-1,njombe_wards_population_2012,Number_of,-1,-1,mwanza_wards_population_2012,Number_of,-1,-1,mtwara_wards_population_2012,Number_of,-1,-1,morogoro_population_wards_2012,Number_of,-1,-1,mbeya_ward_population_2012,Number_of,-1,-1,mara_wards_population_2012,Number_of,-1,-1,manyawa_wards_population_2012,Number_of,-1,-1,lindi_wards_2012_population,Number_of,-1,-1,kilimanjaro_population_2012,Number_of,-1,-1,kigoma_wards_population_2012,Number_of,-1,-1,katavi_wards_population_2012,Number_of,-1,-1,kagera_wards_population_2012,Number_of,-1,-1,iringa_wards_population_2012,Number_of,-1,-1,geita_wards_population_2012,Number_of,-1,-1,dodoma_population_wards,Number_of,-1,-1,dar_es_salaam_wards_population_2012,Number_of,-1,-1,arusha_population_2012,Number_of,-1,-1,geita_wards_population_2012,Number_of,-1,-1;Average_Ho "Average_Ho" true true false 16 Double 6 15 ,First,#,tanga_wards_population_2012,Average_Ho,-1,-1,tabora_wards_population_2012,Average_Ho,-1,-1,singida_wards_population_2012,Average_Ho,-1,-1,simiyu_wards_population_2012,Average_Ho,-1,-1,shinyanga_wards_population_2012,Average_Ho,-1,-1,ruvuma_wards_population_2012,Average_Ho,-1,-1,rukwa_wards_population_2012,Average_Ho,-1,-1,pwani_wards_population_2012,Average_Ho,-1,-1,njombe_wards_population_2012,Average_Ho,-1,-1,mwanza_wards_population_2012,Average_Ho,-1,-1,mtwara_wards_population_2012,Average_Ho,-1,-1,morogoro_population_wards_2012,Average_Ho,-1,-1,mbeya_ward_population_2012,Average_Ho,-1,-1,mara_wards_population_2012,Average_Ho,-1,-1,manyawa_wards_population_2012,Average_Ho,-1,-1,lindi_wards_2012_population,Average_Ho,-1,-1,kilimanjaro_population_2012,Average_Ho,-1,-1,kigoma_wards_population_2012,Average_Ho,-1,-1,katavi_wards_population_2012,Average_Ho,-1,-1,kagera_wards_population_2012,Average_Ho,-1,-1,iringa_wards_population_2012,Average_Ho,-1,-1,geita_wards_population_2012,Average_Ho,-1,-1,dodoma_population_wards,Average_Ho,-1,-1,dar_es_salaam_wards_population_2012,Average_Ho,-1,-1,arusha_population_2012,Average_Ho,-1,-1,geita_wards_population_2012,Average_Ho,-1,-1;Sex_Ratio "Sex_Ratio" true true false 16 Double 6 15 ,First,#,tanga_wards_population_2012,Sex_Ratio,-1,-1,tabora_wards_population_2012,Sex_Ratio,-1,-1,singida_wards_population_2012,Sex_Ratio,-1,-1,simiyu_wards_population_2012,Sex_Ratio,-1,-1,shinyanga_wards_population_2012,Sex_Ratio,-1,-1,ruvuma_wards_population_2012,Sex_Ratio,-1,-1,rukwa_wards_population_2012,Sex_Ratio,-1,-1,pwani_wards_population_2012,Sex_Ratio,-1,-1,njombe_wards_population_2012,Sex_Ratio,-1,-1,mwanza_wards_population_2012,Sex_Ratio,-1,-1,mtwara_wards_population_2012,Sex_Ratio,-1,-1,morogoro_population_wards_2012,Sex_Ratio,-1,-1,mbeya_ward_population_2012,Sex_Ratio,-1,-1,mara_wards_population_2012,Sex_Ratio,-1,-1,manyawa_wards_population_2012,Sex_Ratio,-1,-1,lindi_wards_2012_population,Sex_Ratio,-1,-1,kilimanjaro_population_2012,Sex_Ratio,-1,-1,kigoma_wards_population_2012,Sex_Ratio,-1,-1,katavi_wards_population_2012,Sex_Ratio,-1,-1,kagera_wards_population_2012,Sex_Ratio,-1,-1,iringa_wards_population_2012,Sex_Ratio,-1,-1,geita_wards_population_2012,Sex_Ratio,-1,-1,dodoma_population_wards,Sex_Ratio,-1,-1,dar_es_salaam_wards_population_2012,Sex_Ratio,-1,-1,arusha_population_2012,Sex_Ratio,-1,-1,geita_wards_population_2012,Sex_Ratio,-1,-1;OBJECTID "OBJECTID" true true false 9 Long 0 9 ,First,#,kilimanjaro_population_2012,OBJECTID,-1,-1,dodoma_population_wards,OBJECTID,-1,-1;Shape_Le_1 "Shape_Le_1" true true false 19 Double 0 0 ,First,#,kilimanjaro_population_2012,Shape_Le_1,-1,-1,dodoma_population_wards,Shape_Le_1,-1,-1"</Process></lineage></DataProperties><SyncDate>20151015</SyncDate><SyncTime>14515400</SyncTime><ModDate>20151015</ModDate><ModTime>14515400</ModTime></Esri><dataIdInfo><envirDesc Sync="TRUE">Microsoft Windows Server 2008 R2 Version 6.1 (Build 7601) Service Pack 1; ESRI ArcGIS 10.0.0.2414</envirDesc><dataLang><languageCode value="eng" country="GBR"></languageCode></dataLang><idCitation><resTitle Sync="TRUE">tanga_wards_population_2012_</resTitle><presForm><PresFormCd value="005"></PresFormCd></presForm></idCitation><descKeys><thesaName uuidref="723f6998-058e-11dc-8314-0800200c9a66"></thesaName><keyword Sync="TRUE">002</keyword></descKeys><spatRpType><SpatRepTypCd value="001"></SpatRepTypCd></spatRpType></dataIdInfo><mdLang><languageCode value="eng"></languageCode></mdLang><distInfo><distFormat><formatName Sync="TRUE">File Geodatabase Feature Class</formatName></distFormat></distInfo><mdHrLv><ScopeCd value="005"></ScopeCd></mdHrLv><mdHrLvName Sync="TRUE">dataset</mdHrLvName><refSysInfo><RefSystem><refSysID><identCode code="4210"></identCode><idCodeSpace Sync="TRUE">EPSG</idCodeSpace><idVersion Sync="TRUE">7.4.1</idVersion></refSysID></RefSystem></refSysInfo><spdoinfo><ptvctinf><esriterm Name="tanga_wards_population_2012_"><efeatyp Sync="TRUE">Simple</efeatyp><efeageom Sync="TRUE">4</efeageom><esritopo Sync="TRUE">FALSE</esritopo><efeacnt Sync="TRUE">0</efeacnt><spindex Sync="TRUE">TRUE</spindex><linrefer Sync="TRUE">FALSE</linrefer></esriterm></ptvctinf></spdoinfo><spatRepInfo><VectSpatRep><topLvl><TopoLevCd value="001"></TopoLevCd></topLvl><geometObjs><geoObjTyp><GeoObjTypCd value="002"></GeoObjTypCd><geoObjCnt Sync="TRUE">0</geoObjCnt></geoObjTyp></geometObjs></VectSpatRep></spatRepInfo><eainfo><detailed Name="tanga_wards_population_2012_"><enttyp><enttypl Sync="TRUE">tanga_wards_population_2012_</enttypl><enttypt Sync="TRUE">Feature Class</enttypt><enttypc Sync="TRUE">0</enttypc></enttyp><attr><attrlabl Sync="TRUE">OBJECTID_1</attrlabl><attalias Sync="TRUE">OBJECTID_1</attalias><attrtype Sync="TRUE">OID</attrtype><attwidth Sync="TRUE">4</attwidth><atprecis Sync="TRUE">0</atprecis><attscale Sync="TRUE">0</attscale><attrdef Sync="TRUE">Internal feature number.</attrdef><attrdefs Sync="TRUE">ESRI</attrdefs><attrdomv><udom Sync="TRUE">Sequential unique whole numbers that are automatically generated.</udom></attrdomv></attr><attr><attrlabl Sync="TRUE">Shape</attrlabl><attalias Sync="TRUE">Shape</attalias><attrtype Sync="TRUE">Geometry</attrtype><attwidth Sync="TRUE">0</attwidth><atprecis Sync="TRUE">0</atprecis><attscale Sync="TRUE">0</attscale><attrdef Sync="TRUE">Feature geometry.</attrdef><attrdefs Sync="TRUE">ESRI</attrdefs><attrdomv><udom Sync="TRUE">Coordinates defining the features.</udom></attrdomv></attr><attr><attrlabl Sync="TRUE">Region_Cod</attrlabl><attalias Sync="TRUE">Region_Cod</attalias><attrtype Sync="TRUE">String</attrtype><attwidth Sync="TRUE">50</attwidth><atprecis Sync="TRUE">0</atprecis><attscale Sync="TRUE">0</attscale></attr><attr><attrlabl Sync="TRUE">Region_Nam</attrlabl><attalias Sync="TRUE">Region_Nam</attalias><attrtype Sync="TRUE">String</attrtype><attwidth Sync="TRUE">50</attwidth><atprecis Sync="TRUE">0</atprecis><attscale Sync="TRUE">0</attscale></attr><attr><attrlabl Sync="TRUE">District_C</attrlabl><attalias Sync="TRUE">District_C</attalias><attrtype Sync="TRUE">String</attrtype><attwidth Sync="TRUE">50</attwidth><atprecis Sync="TRUE">0</atprecis><attscale Sync="TRUE">0</attscale></attr><attr><attrlabl Sync="TRUE">District_N</attrlabl><attalias Sync="TRUE">District_N</attalias><attrtype Sync="TRUE">String</attrtype><attwidth Sync="TRUE">50</attwidth><atprecis Sync="TRUE">0</atprecis><attscale Sync="TRUE">0</attscale></attr><attr><attrlabl Sync="TRUE">Ward_Code</attrlabl><attalias Sync="TRUE">Ward_Code</attalias><attrtype Sync="TRUE">String</attrtype><attwidth Sync="TRUE">50</attwidth><atprecis Sync="TRUE">0</atprecis><attscale Sync="TRUE">0</attscale></attr><attr><attrlabl Sync="TRUE">Ward_Name</attrlabl><attalias Sync="TRUE">Ward_Name</attalias><attrtype Sync="TRUE">String</attrtype><attwidth Sync="TRUE">50</attwidth><atprecis Sync="TRUE">0</atprecis><attscale Sync="TRUE">0</attscale></attr><attr><attrlabl Sync="TRUE">Division</attrlabl><attalias Sync="TRUE">Division</attalias><attrtype Sync="TRUE">String</attrtype><attwidth Sync="TRUE">50</attwidth><atprecis Sync="TRUE">0</atprecis><attscale Sync="TRUE">0</attscale></attr><attr><attrlabl Sync="TRUE">SHAPE_Leng</attrlabl><attalias Sync="TRUE">SHAPE_Leng</attalias><attrtype Sync="TRUE">Double</attrtype><attwidth Sync="TRUE">8</attwidth><atprecis Sync="TRUE">0</atprecis><attscale Sync="TRUE">0</attscale></attr><attr><attrlabl Sync="TRUE">Ward</attrlabl><attalias Sync="TRUE">Ward</attalias><attrtype Sync="TRUE">String</attrtype><attwidth Sync="TRUE">254</attwidth><atprecis Sync="TRUE">0</atprecis><attscale Sync="TRUE">0</attscale></attr><attr><attrlabl Sync="TRUE">Both_Sexes</attrlabl><attalias Sync="TRUE">Both_Sexes</attalias><attrtype Sync="TRUE">Double</attrtype><attwidth Sync="TRUE">8</attwidth><atprecis Sync="TRUE">0</atprecis><attscale Sync="TRUE">0</attscale></attr><attr><attrlabl Sync="TRUE">Male</attrlabl><attalias Sync="TRUE">Male</attalias><attrtype Sync="TRUE">Double</attrtype><attwidth Sync="TRUE">8</attwidth><atprecis Sync="TRUE">0</atprecis><attscale Sync="TRUE">0</attscale></attr><attr><attrlabl Sync="TRUE">Female</attrlabl><attalias Sync="TRUE">Female</attalias><attrtype Sync="TRUE">Double</attrtype><attwidth Sync="TRUE">8</attwidth><atprecis Sync="TRUE">0</atprecis><attscale Sync="TRUE">0</attscale></attr><attr><attrlabl Sync="TRUE">Number_of</attrlabl><attalias Sync="TRUE">Number_of</attalias><attrtype Sync="TRUE">Double</attrtype><attwidth Sync="TRUE">8</attwidth><atprecis Sync="TRUE">0</atprecis><attscale Sync="TRUE">0</attscale></attr><attr><attrlabl Sync="TRUE">Average_Ho</attrlabl><attalias Sync="TRUE">Average_Ho</attalias><attrtype Sync="TRUE">Double</attrtype><attwidth Sync="TRUE">8</attwidth><atprecis Sync="TRUE">0</atprecis><attscale Sync="TRUE">0</attscale></attr><attr><attrlabl Sync="TRUE">Sex_Ratio</attrlabl><attalias Sync="TRUE">Sex_Ratio</attalias><attrtype Sync="TRUE">Double</attrtype><attwidth Sync="TRUE">8</attwidth><atprecis Sync="TRUE">0</atprecis><attscale Sync="TRUE">0</attscale></attr><attr><attrlabl Sync="TRUE">OBJECTID</attrlabl><attalias Sync="TRUE">OBJECTID</attalias><attrtype Sync="TRUE">Integer</attrtype><attwidth Sync="TRUE">4</attwidth><atprecis Sync="TRUE">0</atprecis><attscale Sync="TRUE">0</attscale></attr><attr><attrlabl Sync="TRUE">Shape_Le_1</attrlabl><attalias Sync="TRUE">Shape_Le_1</attalias><attrtype Sync="TRUE">Double</attrtype><attwidth Sync="TRUE">8</attwidth><atprecis Sync="TRUE">0</atprecis><attscale Sync="TRUE">0</attscale></attr><attr><attrlabl Sync="TRUE">Shape_Length</attrlabl><attalias Sync="TRUE">Shape_Length</attalias><attrtype Sync="TRUE">Double</attrtype><attwidth Sync="TRUE">8</attwidth><atprecis Sync="TRUE">0</atprecis><attscale Sync="TRUE">0</attscale><attrdef Sync="TRUE">Length of feature in internal units.</attrdef><attrdefs Sync="TRUE">ESRI</attrdefs><attrdomv><udom Sync="TRUE">Positive real numbers that are automatically generated.</udom></attrdomv></attr><attr><attrlabl Sync="TRUE">Shape_Area</attrlabl><attalias Sync="TRUE">Shape_Area</attalias><attrtype Sync="TRUE">Double</attrtype><attwidth Sync="TRUE">8</attwidth><atprecis Sync="TRUE">0</atprecis><attscale Sync="TRUE">0</attscale><attrdef Sync="TRUE">Area of feature in internal units squared.</attrdef><attrdefs Sync="TRUE">ESRI</attrdefs><attrdomv><udom Sync="TRUE">Positive real numbers that are automatically generated.</udom></attrdomv></attr></detailed></eainfo><mdDateSt Sync="TRUE">20151015</mdDateSt></metadata>
